"Code","ObjectClass","Acronym","Attribute_A","Attribute_B","Attribute_C","Class","Primitives"
1,"Verwaltungsbereich",ADMARE,JRSDTN;NATION;NOBJNM;OBJNAM;,INFORM;NINFOM;NTXTDS;PICREP;SCAMAX;SCAMIN;TXTDSC;,RECDAT;RECIND;SORDAT;SORIND;,G,Area;
2,"Flugplatz",AIRARE,CATAIR;CONDTN;CONVIS;NOBJNM;OBJNAM;STATUS;,INFORM;NINFOM;NTXTDS;PICREP;SCAMAX;SCAMIN;TXTDSC;,RECDAT;RECIND;SORDAT;SORIND;,G,Point;Area;
3,"Ankerplatz",ACHBRT,CATACH;DATEND;DATSTA;NOBJNM;OBJNAM;PEREND;PERSTA;RADIUS;STATUS;,INFORM;NINFOM;NTXTDS;SCAMAX;SCAMIN;TXTDSC;,RECDAT;RECIND;SORDAT;SORIND;,G,Point;Area;
1003,"Anker",ACHPNT,,,,,
4,"Ankergebiet",ACHARE,CATACH;DATEND;DATSTA;NOBJNM;OBJNAM;PEREND;PERSTA;RESTRN;STATUS;,INFORM;NINFOM;NTXTDS;SCAMAX;SCAMIN;TXTDSC;,RECDAT;RECIND;SORDAT;SORIND;,G,Point;Area;
5,"Seezeichen, Kardinal",BCNCAR,BCNSHP;CATCAM;COLOUR;COLPAT;CONDTN;CONVIS;CONRAD;DATEND;DATSTA;ELEVAT;HEIGHT;MARSYS;NATCON;NOBJNM;OBJNAM;PEREND;PERSTA;STATUS;VERACC;VERDAT;VERLEN;,INFORM;NINFOM;NTXTDS;PICREP;SCAMAX;SCAMIN;TXTDSC;,RECDAT;RECIND;SORDAT;SORIND;,G,Point;
6,"Seezeichen, isolierte Gefahr",BCNISD,BCNSHP;COLOUR;COLPAT;CONDTN;CONRAD;CONVIS;DATEND;DATSTA;ELEVAT;HEIGHT;MARSYS;NATCON;NOBJNM;OBJNAM;PEREND;PERSTA;STATUS;VERACC;VERDAT;VERLEN;,INFORM;NINFOM;NTXTDS;PICREP;SCAMAX;SCAMIN;TXTDSC;,RECDAT;RECIND;SORDAT;SORIND;,G,Point;
7,"Seezeichen, Lateral",BCNLAT,BCNSHP;CATLAM;COLOUR;COLPAT;CONDTN;CONRAD;CONVIS;DATEND;DATSTA;ELEVAT;HEIGHT;MARSYS;NATCON;NOBJNM;OBJNAM;PEREND;PERSTA;STATUS;VERACC;VERDAT;VERLEN;,INFORM;NINFOM;NTXTDS;PICREP;SCAMAX;SCAMIN;TXTDSC;,RECDAT;RECIND;SORDAT;SORIND;,G,Point;
8,"Seezeichen, sicheres Fahrwasser",BCNSAW,BCNSHP;COLOUR;COLPAT;CONDTN;CONRAD;CONVIS;DATEND;DATSTA;ELEVAT;HEIGHT;MARSYS;NATCON;NOBJNM;OBJNAM;PEREND;PERSTA;STATUS;VERACC;VERDAT;VERLEN;,INFORM;NINFOM;NTXTDS;PICREP;SCAMAX;SCAMIN;TXTDSC;,RECDAT;RECIND;SORDAT;SORIND;,G,Point;
9,"Seezeichen, besondere Verwendung",BCNSPP,BCNSHP;CATSPM;COLOUR;COLPAT;CONDTN;CONRAD;CONVIS;DATEND;DATSTA;ELEVAT;HEIGHT;MARSYS;NATCON;NOBJNM;OBJNAM;PEREND;PERSTA;STATUS;VERACC;VERDAT;VERLEN;,INFORM;NINFOM;NTXTDS;PICREP;SCAMAX;SCAMIN;TXTDSC;,RECDAT;RECIND;SORDAT;SORIND;,G,Point;
10,"Liegeplatz",BERTHS,DATEND;DATSTA;DRVAL1;NOBJNM;OBJNAM;PEREND;PERSTA;QUASOU;SOUACC;STATUS;VERDAT;,INFORM;NINFOM;NTXTDS;PICREP;SCAMAX;SCAMIN;TXTDSC;,RECDAT;RECIND;SORDAT;SORIND;,G,Point;Line;Area;
11,"Bruecke",BRIDGE,CATBRG;COLOUR;COLPAT;CONDTN;CONRAD;CONVIS;DATEND;DATSTA;HORACC;HORCLR;NATCON;NOBJNM;OBJNAM;VERACC;VERCCL;VERCLR;VERCOP;VERDAT;,INFORM;NINFOM;NTXTDS;PICREP;SCAMAX;SCAMIN;TXTDSC;,RECDAT;RECIND;SORDAT;SORIND;,G,Point;Line;Area;
12,"Gebaeude, einzeln",BUISGL,BUISHP;COLOUR;COLPAT;CONDTN;CONRAD;CONVIS;ELEVAT;FUNCTN;HEIGHT;NATCON;NOBJNM;OBJNAM;STATUS;VERACC;VERDAT;VERLEN;,INFORM;NINFOM;NTXTDS;PICREP;SCAMAX;SCAMIN;TXTDSC;,RECDAT;RECIND;SORDAT;SORIND;,G,Point;Area;
1012,"Gebaeude, religioes",BUIREL,,,,,
13,"Bebauter Landbereich",BUAARE,CATBUA;CONDTN;CONRAD;CONVIS;HEIGHT;NOBJNM;OBJNAM;VERACC;VERDAT;,INFORM;NINFOM;NTXTDS;SCAMAX;SCAMIN;TXTDSC;,RECDAT;RECIND;SORDAT;SORIND;,G,Point;Area;
14,"Boje, Kardinal",BOYCAR,BOYSHP;CATCAM;COLOUR;COLPAT;CONRAD;DATEND;DATSTA;MARSYS;NATCON;NOBJNM;OBJNAM;PEREND;PERSTA;STATUS;VERACC;VERLEN;,INFORM;NINFOM;NTXTDS;PICREP;SCAMAX;SCAMIN;TXTDSC;,RECDAT;RECIND;SORDAT;SORIND;,G,Point;
15,"Boje, fuer Mooring",BOYINB,BOYSHP;CATINB;COLOUR;COLPAT;CONRAD;DATEND;DATSTA;MARSYS;NATCON;NOBJNM;OBJNAM;PEREND;PERSTA;PRODCT;STATUS;VERACC;VERLEN;,INFORM;NINFOM;NTXTDS;PICREP;SCAMAX;SCAMIN;TXTDSC;,RECDAT;RECIND;SORDAT;SORIND;,G,Point;
16,"Boje, isolierte Gefahr",BOYISD,BOYSHP;COLOUR;COLPAT;CONRAD;DATEND;DATSTA;MARSYS;NATCON;NOBJNM;OBJNAM;PEREND;PERSTA;STATUS;VERACC;VERLEN;,INFORM;NINFOM;NTXTDS;PICREP;SCAMAX;SCAMIN;TXTDSC;,RECDAT;RECIND;SORDAT;SORIND;,G,Point;
17,"Boje, Lateral",BOYLAT,BOYSHP;CATLAM;COLOUR;COLPAT;CONRAD;DATEND;DATSTA;MARSYS;NATCON;NOBJNM;OBJNAM;PEREND;PERSTA;STATUS;VERACC;VERLEN;,INFORM;NINFOM;NTXTDS;PICREP;SCAMAX;SCAMIN;TXTDSC;,RECDAT;RECIND;SORDAT;SORIND;,G,Point;
18,"Boje, sicheres Fahrwasser",BOYSAW,BOYSHP;COLOUR;COLPAT;CONRAD;DATEND;DATSTA;MARSYS;NATCON;NOBJNM;OBJNAM;PEREND;PERSTA;STATUS;VERACC;VERLEN;,INFORM;NINFOM;NTXTDS;PICREP;SCAMAX;SCAMIN;TXTDSC;,RECDAT;RECIND;SORDAT;SORIND;,G,Point;
19,"Boje, besondere Verwendung",BOYSPP,BOYSHP;CATSPM;COLOUR;COLPAT;CONRAD;DATEND;DATSTA;MARSYS;NATCON;NOBJNM;OBJNAM;PEREND;PERSTA;STATUS;VERACC;VERLEN;,INFORM;NINFOM;NTXTDS;PICREP;SCAMAX;SCAMIN;TXTDSC;,RECDAT;RECIND;SORDAT;SORIND;,G,Point;
20,"Bereich mit Untersee-Kabeln",CBLARE,CATCBL;DATEND;DATSTA;NOBJNM;OBJNAM;RESTRN;STATUS;,INFORM;NINFOM;NTXTDS;SCAMAX;SCAMIN;TXTDSC;,RECDAT;RECIND;SORDAT;SORIND;,G,Area;
21,"Kabeltrasse (mit Masten)",CBLOHD,CATCBL;CONDTN;CONRAD;CONVIS;DATEND;DATSTA;ICEFAC;NOBJNM;OBJNAM;STATUS;VERACC;VERCLR;VERCSA;VERDAT;,INFORM;NINFOM;NTXTDS;SCAMAX;SCAMIN;TXTDSC;,RECDAT;RECIND;SORDAT;SORIND;,G,Line;
22,"Unterwasser-Kabeltrasse",CBLSUB,BURDEP;CATCBL;CONDTN;DATEND;DATSTA;DRVAL1;DRVAL2;NOBJNM;OBJNAM;STATUS;VERDAT;,INFORM;NINFOM;NTXTDS;SCAMAX;SCAMIN;TXTDSC;,RECDAT;RECIND;SORDAT;SORIND;,G,Line;
23,"Kanal",CANALS,CATCAN;CONDTN;DATEND;DATSTA;HORACC;HORCLR;HORWID;NOBJNM;OBJNAM;STATUS;,INFORM;NINFOM;NTXTDS;SCAMAX;SCAMIN;TXTDSC;,RECDAT;RECIND;SORDAT;SORIND;,G,Line;Area;
24,"Kanalufer",CANBNK,CONDTN;DATEND;DATSTA;NOBJNM;OBJNAM;,INFORM;NINFOM;NTXTDS;SCAMAX;SCAMIN;TXTDSC;,RECDAT;RECIND;SORDAT;SORIND;,G,Line;Area;
25,"Umschlagplatz",CTSARE,DATEND;DATSTA;NOBJNM;OBJNAM;PEREND;PERSTA;STATUS;,INFORM;NINFOM;NTXTDS;PICREP;SCAMAX;SCAMIN;TXTDSC;,RECDAT;RECIND;SORDAT;SORIND;,G,Point;Area;
26,"Damm",CAUSWY,CONDTN;NATCON;NOBJNM;OBJNAM;STATUS;WATLEV;,INFORM;NINFOM;NTXTDS;SCAMAX;SCAMIN;TXTDSC;,RECDAT;RECIND;SORDAT;SORIND;,G,Line;Area;
27,"Sicherheitsbereich (navigatorisch)",CTNARE,DATEND;DATSTA;PEREND;PERSTA;,INFORM;NINFOM;NTXTDS;SCAMAX;SCAMIN;TXTDSC;,RECDAT;RECIND;SORDAT;SORIND;,G,Point;Area;
1027,"Kette/Kabel",CHNWIR,,,,,
28,"Checkpoint",CHKPNT,CATCHP;NOBJNM;OBJNAM;STATUS;,INFORM;NINFOM;NTXTDS;SCAMAX;SCAMIN;TXTDSC;,RECDAT;RECIND;SORDAT;SORIND;,G,Point;Area;
29,"Kuestenwache-Station",CGUSTA,DATEND;DATSTA;NOBJNM;OBJNAM;PEREND;PERSTA;STATUS;,INFORM;NINFOM;NTXTDS;SCAMAX;SCAMIN;TXTDSC;,RECDAT;RECIND;SORDAT;SORIND;,G,Point;
30,"Kuestenlinie",COALNE,CATCOA;COLOUR;CONRAD;CONVIS;ELEVAT;NOBJNM;OBJNAM;VERACC;VERDAT;,INFORM;NINFOM;NTXTDS;PICREP;SCAMAX;SCAMIN;TXTDSC;,RECDAT;RECIND;SORDAT;SORIND;,G,Line;
31,"Staatliche/territoriale Seegrenze",CONZNE,DATEND;DATSTA;NATION;STATUS;,INFORM;NINFOM;NTXTDS;SCAMAX;SCAMIN;TXTDSC;,RECDAT;RECIND;SORDAT;SORIND;,G,Area;
32,"Kontinentaler Shelf-Bereich",COSARE,NATION;NOBJNM;OBJNAM;,INFORM;NINFOM;NTXTDS;SCAMAX;SCAMIN;TXTDSC;,RECDAT;RECIND;SORDAT;SORIND;,G,Area;
33,"Kontrollpunkt",CTRPNT,CATCTR;DATEND;DATSTA;ELEVAT;NOBJNM;OBJNAM;VERACC;VERDAT;,INFORM;NINFOM;NTXTDS;PICREP;SCAMAX;SCAMIN;TXTDSC;,RECDAT;RECIND;SORDAT;SORIND;,G,Point;
34,"Foerderanlage",CONVYR,CATCON;COLOUR;COLPAT;CONDTN;CONRAD;CONVIS;DATEND;DATSTA;HEIGHT;LIFCAP;NOBJNM;OBJNAM;PRODCT;STATUS;VERACC;VERCLR;VERDAT;VERLEN;,INFORM;NINFOM;NTXTDS;PICREP;SCAMAX;SCAMIN;TXTDSC;,RECDAT;RECIND;SORDAT;SORIND;,G,Line;Area;
35,"Kran",CRANES,CATCRN;COLOUR;COLPAT;CONDTN;CONRAD;CONVIS;HEIGHT;LIFCAP;NOBJNM;OBJNAM;ORIENT;RADIUS;STATUS;VERACC;VERCLR;VERDAT;VERLEN;,INFORM;NINFOM;NTXTDS;PICREP;SCAMAX;SCAMIN;TXTDSC;,RECDAT;RECIND;SORDAT;SORIND;,G,Point;Area;
36,"Stroemung",CURENT,CURVEL;DATEND;DATSTA;NOBJNM;OBJNAM;ORIENT;PEREND;PERSTA;,INFORM;NINFOM;SCAMAX;SCAMIN;,RECDAT;RECIND;SORDAT;SORIND;,G,Point;
37,"Zoll-Bereich",CUSZNE,NATION;,INFORM;NINFOM;NTXTDS;SCAMAX;SCAMIN;TXTDSC;,RECDAT;RECIND;SORDAT;SORIND;,G,Area;
38,"Barriere, Damm",DAMCON,CATDAM;COLOUR;COLPAT;CONDTN;CONRAD;CONVIS;DATEND;DATSTA;HEIGHT;NATCON;NOBJNM;OBJNAM;VERACC;VERDAT;VERLEN;,INFORM;NINFOM;NTXTDS;SCAMAX;SCAMIN;TXTDSC;,RECDAT;RECIND;SORDAT;SORIND;,G,Point;Line;Area;
39,"Tagessicht-Seezeichen",DAYMAR,CATSPM;COLOUR;COLPAT;DATEND;DATSTA;ELEVAT;HEIGHT;NATCON;NOBJNM;OBJNAM;PEREND;PERSTA;STATUS;TOPSHP;VERACC;VERDAT;VERLEN;,INFORM;NINFOM;NTXTDS;SCAMAX;SCAMIN;TXTDSC;,RECDAT;RECIND;SORDAT;SORIND;,G,Point;
40,"Tiefwasser-Fahrrinnenmitte",DWRTCL,CATTRK;DATEND;DATSTA;DRVAL1;DRVAL2;NOBJNM;OBJNAM;ORIENT;QUASOU;SOUACC;STATUS;TECSOU;TRAFIC;VERDAT;,INFORM;NINFOM;NTXTDS;SCAMAX;SCAMIN;TXTDSC;,RECDAT;RECIND;SORDAT;SORIND;,G,Line;
41,"Tiefwasser-Route",DWRTPT,DATEND;DATSTA;DRVAL1;DRVAL2;NOBJNM;OBJNAM;ORIENT;QUASOU;SOUACC;STATUS;TECSOU;TRAFIC;VERDAT;RESTRN;,INFORM;NINFOM;NTXTDS;SCAMAX;SCAMIN;TXTDSC;,RECDAT;RECIND;SORDAT;SORIND;,G,Area;
42,"Tiefenbereich",DEPARE,DRVAL1;DRVAL2;QUASOU;SOUACC;VERDAT;,INFORM;NINFOM;NTXTDS;SCAMAX;SCAMIN;TXTDSC;,RECDAT;RECIND;SORDAT;SORIND;,G,Line;Area;
43,"Tiefenlinie",DEPCNT,VALDCO;VERDAT;,INFORM;NINFOM;NTXTDS;SCAMAX;SCAMIN;TXTDSC;,RECDAT;RECIND;SORDAT;SORIND;,G,Line;
44,"Entfernungsmarke",DISMAR,CATDIS;DATEND;DATSTA;NOBJNM;OBJNAM;,INFORM;NINFOM;NTXTDS;SCAMAX;SCAMIN;TXTDSC;,RECDAT;RECIND;SORDAT;SORIND;,G,Point;
45,"Dock-Bereich",DOCARE,CATDOC;CONDTN;DATEND;DATSTA;HORACC;HORCLR;NOBJNM;OBJNAM;STATUS;,INFORM;NINFOM;NTXTDS;SCAMAX;SCAMIN;TXTDSC;,RECDAT;RECIND;SORDAT;SORIND;,G,Area;
46,"Ausgebaggerter Bereich",DRGARE,DRVAL1;DRVAL2;NOBJNM;OBJNAM;QUASOU;RESTRN;SOUACC;TECSOU;VERDAT;,INFORM;NINFOM;NTXTDS;SCAMAX;SCAMIN;TXTDSC;,RECDAT;RECIND;SORDAT;SORIND;,G,Area;
47,"Trockendock",DRYDOC,CONDTN;HORACC;HORCLR;HORLEN;HORWID;NOBJNM;OBJNAM;STATUS;DRVAL1;QUASOU;SOUACC;VERDAT;,INFORM;NINFOM;SCAMAX;SCAMIN;,RECDAT;RECIND;SORDAT;SORIND;,G,Area;
48,"Verklappungsbereich",DMPGRD,CATDPG;NOBJNM;OBJNAM;RESTRN;STATUS;,INFORM;NINFOM;NTXTDS;SCAMAX;SCAMIN;TXTDSC;,RECDAT;RECIND;SORDAT;SORIND;,G,Point;Area;
49,"Deich, Damm",DYKCON,CONDTN;CONRAD;DATEND;DATSTA;HEIGHT;NATCON;VERACC;VERDAT;VERLEN;,INFORM;NINFOM;NTXTDS;SCAMAX;SCAMIN;TXTDSC;,RECDAT;RECIND;SORDAT;SORIND;,G,Line;Area;
50,"Territoriale (staatliche) Zone",EXEZNE,NATION;,INFORM;NINFOM;NTXTDS;SCAMAX;SCAMIN;TXTDSC;,RECDAT;RECIND;SORDAT;SORIND;,G,Area;
51,"Schifffahrtsweg",FAIRWY,DATEND;DATSTA;DRVAL1;NOBJNM;OBJNAM;ORIENT;QUASOU;RESTRN;SOUACC;STATUS;TRAFIC;VERDAT;,INFORM;NINFOM;NTXTDS;SCAMAX;SCAMIN;TXTDSC;,RECDAT;RECIND;SORDAT;SORIND;,G,Area;
52,"Zaun/Grenze",FNCLNE,CATFNC;COLOUR;COLPAT;CONDTN;CONRAD;CONVIS;ELEVAT;HEIGHT;NATCON;NOBJNM;OBJNAM;STATUS;VERACC;VERDAT;VERLEN;,INFORM;NINFOM;NTXTDS;PICREP;SCAMAX;SCAMIN;TXTDSC;,RECDAT;RECIND;SORDAT;SORIND;,G,Line;
53,"Route fuer Faehren",FERYRT,CATFRY;DATEND;DATSTA;NOBJNM;OBJNAM;PEREND;PERSTA;STATUS;,INFORM;NINFOM;NTXTDS;SCAMAX;SCAMIN;TXTDSC;,RECDAT;RECIND;SORDAT;SORIND;,G,Line;Area;
54,"Fischerei-Zone",FSHZNE,NATION;NOBJNM;OBJNAM;STATUS;,INFORM;NINFOM;NTXTDS;SCAMAX;SCAMIN;TXTDSC;,RECDAT;RECIND;SORDAT;SORIND;,G,Area;
55,"Fischergeraete im Flachwasser",FSHFAC,CATFIF;NOBJNM;OBJNAM;PEREND;PERSTA;STATUS;VERACC;VERLEN;,INFORM;NINFOM;NTXTDS;SCAMAX;SCAMIN;TXTDSC;,RECDAT;RECIND;SORDAT;SORIND;,G,Point;Line;Area;
56,"Fischerei-Gebiet",FSHGRD,NOBJNM;OBJNAM;PEREND;PERSTA;STATUS;,INFORM;NINFOM;NTXTDS;SCAMAX;SCAMIN;TXTDSC;,RECDAT;RECIND;SORDAT;SORIND;,G,Area;
57,"Schwimmdock",FLODOC,COLOUR;COLPAT;CONDTN;CONRAD;CONVIS;DATEND;DATSTA;DRVAL1;HORACC;HORCLR;HORLEN;HORWID;LIFCAP;NOBJNM;OBJNAM;STATUS;VERACC;VERLEN;VERDAT;,INFORM;NINFOM;NTXTDS;PICREP;SCAMAX;SCAMIN;TXTDSC;,RECDAT;RECIND;SORDAT;SORIND;,G,Line;Area;
58,"Nebelsignal",FOGSIG,CATFOG;DATEND;DATSTA;NOBJNM;OBJNAM;PEREND;PERSTA;SIGFRQ;SIGGEN;SIGGRP;SIGPER;SIGSEQ;STATUS;VALMXR;,INFORM;NINFOM;NTXTDS;SCAMAX;SCAMIN;TXTDSC;,RECDAT;RECIND;SORDAT;SORIND;,G,Point;
59,"Militaerische Verteidungsanlage",FORSTC,CATFOR;CONDTN;CONRAD;CONVIS;HEIGHT;NATCON;NOBJNM;OBJNAM;VERACC;VERDAT;VERLEN;,INFORM;NINFOM;NTXTDS;PICREP;SCAMAX;SCAMIN;TXTDSC;,RECDAT;RECIND;SORDAT;SORIND;,G,Point;Line;Area;
60,"Freihafen",FRPARE,NOBJNM;OBJNAM;STATUS;,INFORM;NINFOM;NTXTDS;SCAMAX;SCAMIN;TXTDSC;,RECDAT;RECIND;SORDAT;SORIND;,G,Area;
61,"Wehr",GATCON,CATGAT;CONDTN;DRVAL1;HORACC;HORCLR;NATCON;NOBJNM;OBJNAM;QUASOU;SOUACC;STATUS;VERACC;VERCLR;VERDAT;,INFORM;NINFOM;NTXTDS;SCAMAX;SCAMIN;TXTDSC;,RECDAT;RECIND;SORDAT;SORIND;,G,Point;Line;Area;
62,"Graetingsteg",GRIDRN,HORACC;HORLEN;HORWID;NATCON;NOBJNM;OBJNAM;STATUS;VERACC;VERLEN;WATLEV;,INFORM;NINFOM;NTXTDS;SCAMAX;SCAMIN;TXTDSC;,RECDAT;RECIND;SORDAT;SORIND;,G,Point;Area;
63,"Hafenbereich (administrative)",HRBARE,NOBJNM;OBJNAM;STATUS;,INFORM;NINFOM;NTXTDS;SCAMAX;SCAMIN;TXTDSC;,RECDAT;RECIND;SORDAT;SORIND;,G,Area;
64,"Hafen",HRBFAC,CATHAF;CONDTN;DATEND;DATSTA;NATCON;NOBJNM;OBJNAM;PEREND;PERSTA;STATUS;,INFORM;NINFOM;NTXTDS;SCAMAX;SCAMIN;TXTDSC;,RECDAT;RECIND;SORDAT;SORIND;,G,Point;Area;
65,"Permanent verankertes Schiff",HULKES,CATHLK;COLOUR;COLPAT;CONRAD;CONVIS;HORACC;HORLEN;HORWID;NOBJNM;OBJNAM;VERACC;VERLEN;CONDTN;,INFORM;NINFOM;NTXTDS;PICREP;SCAMAX;SCAMIN;TXTDSC;,RECDAT;RECIND;SORDAT;SORIND;,G,Point;Area;
66,"Eis-Bereich",ICEARE,CATICE;CONVIS;ELEVAT;HEIGHT;NOBJNM;OBJNAM;PEREND;PERSTA;STATUS;VERACC;VERDAT;VERLEN;,INFORM;NINFOM;NTXTDS;SCAMAX;SCAMIN;TXTDSC;,RECDAT;RECIND;SORDAT;SORIND;,G,Area;
67,"Abfall-Verbrennungsbereich",ICNARE,NOBJNM;OBJNAM;PEREND;PERSTA;RESTRN;STATUS;,INFORM;NINFOM;NTXTDS;SCAMAX;SCAMIN;TXTDSC;,RECDAT;RECIND;SORDAT;SORIND;,G,Point;Area;
68,"Verkehrstrennungsgebiet im Kuestenbereich",ISTZNE,CATTSS;DATEND;DATSTA;RESTRN;STATUS;,INFORM;NINFOM;NTXTDS;SCAMAX;SCAMIN;TXTDSC;,RECDAT;RECIND;SORDAT;SORIND;,G,Area;
69,"See",LAKARE,ELEVAT;NOBJNM;OBJNAM;VERACC;VERDAT;,INFORM;NINFOM;NTXTDS;SCAMAX;SCAMIN;TXTDSC;,RECDAT;RECIND;SORDAT;SORIND;,G,Area;
70,"See-Ufer",LAKSHR,NOBJNM;OBJNAM;,INFORM;NINFOM;NTXTDS;SCAMAX;SCAMIN;TXTDSC;,RECDAT;RECIND;SORDAT;SORIND;,G,Line;Area;
71,"Land-Bereich",LNDARE,CONDTN;NOBJNM;OBJNAM;STATUS;,INFORM;NINFOM;NTXTDS;SCAMAX;SCAMIN;TXTDSC;,RECDAT;RECIND;SORDAT;SORIND;,G,Point;Line;Area;
72,"Landerhoehung",LNDELV,CONVIS;ELEVAT;NOBJNM;OBJNAM;VERACC;VERDAT;,INFORM;NINFOM;NTXTDS;SCAMAX;SCAMIN;TXTDSC;,RECDAT;RECIND;SORDAT;SORIND;,G,Point;Line;
73,"Landschaft",LNDRGN,CATLND;NATQUA;NATSUR;NOBJNM;OBJNAM;WATLEV;,INFORM;NINFOM;NTXTDS;SCAMAX;SCAMIN;TXTDSC;,RECDAT;RECIND;SORDAT;SORIND;,G,Point;Area;
74,"Landmarke",LNDMRK,CATLMK;COLOUR;COLPAT;CONDTN;CONRAD;CONVIS;ELEVAT;FUNCTN;HEIGHT;NATCON;NOBJNM;OBJNAM;STATUS;VERACC;VERDAT;VERLEN;,INFORM;NINFOM;NTXTDS;PICREP;SCAMAX;SCAMIN;TXTDSC;,RECDAT;RECIND;SORDAT;SORIND;,G,Point;Line;Area;
75,"Leucht-Feuer",LIGHTS,CATLIT;COLOUR;DATEND;DATSTA;EXCLIT;HEIGHT;LITCHR;LITVIS;MARSYS;MLTYLT;NOBJNM;OBJNAM;ORIENT;PEREND;PERSTA;SECTR1;SECTR2;SIGGRP;SIGPER;SIGSEQ;STATUS;VERACC;VALNMR;VERDAT;,INFORM;NINFOM;NTXTDS;SCAMAX;SCAMIN;TXTDSC;,RECDAT;RECIND;SORDAT;SORIND;,G,Point;
1075,"Leucht-Feuer, erloschen",_extgn,,,,,
76,"Schwimmendes Feuer (keine Boje)",LITFLT,COLOUR;COLPAT;CONRAD;CONVIS;DATEND;DATSTA;HORACC;HORLEN;HORWID;MARSYS;NATCON;NOBJNM;OBJNAM;PEREND;PERSTA;STATUS;VERACC;VERLEN;,INFORM;NINFOM;NTXTDS;PICREP;SCAMAX;SCAMIN;TXTDSC;,RECDAT;RECIND;SORDAT;SORIND;,G,Point;
77,"Feuerschiff",LITVES,COLOUR;COLPAT;CONRAD;CONVIS;DATEND;DATSTA;HORACC;HORLEN;HORWID;NATCON;NOBJNM;OBJNAM;PEREND;PERSTA;STATUS;VERACC;VERLEN;,INFORM;NINFOM;NTXTDS;SCAMAX;SCAMIN;TXTDSC;,RECDAT;RECIND;SORDAT;SORIND;,G,Point;
78,"Lokale Magnet-Anomalie",LOCMAG,NOBJNM;OBJNAM;VALLMA;,INFORM;NINFOM;NTXTDS;SCAMAX;SCAMIN;TXTDSC;,RECDAT;RECIND;SORDAT;SORIND;,G,Point;Line;Area;
79,"Schiffshebewerk",LOKBSN,DATEND;DATSTA;HORACC;HORCLR;HORLEN;HORWID;NOBJNM;OBJNAM;STATUS;,INFORM;NINFOM;NTXTDS;SCAMAX;SCAMIN;TXTDSC;,RECDAT;RECIND;SORDAT;SORIND;,G,Area;
80,"Floss-Sammellager",LOGPON,NOBJNM;OBJNAM;STATUS;,INFORM;NINFOM;NTXTDS;SCAMAX;SCAMIN;TXTDSC;,RECDAT;RECIND;SORDAT;SORIND;,G,Point;Area;
81,"Magnetische Variation",MAGVAR,DATEND;DATSTA;RYRMGV;VALACM;VALMAG;,INFORM;NINFOM;SCAMAX;SCAMIN;,RECDAT;RECIND;SORDAT;SORIND;,G,Point;Line;Area;
82,"Fisch-Farm",MARCUL,CATMFA;DATEND;DATSTA;EXPSOU;NOBJNM;OBJNAM;PEREND;PERSTA;QUASOU;RESTRN;SOUACC;STATUS;VALSOU;VERACC;VERDAT;VERLEN;WATLEV;,INFORM;NINFOM;NTXTDS;SCAMAX;SCAMIN;TXTDSC;,RECDAT;RECIND;SORDAT;SORIND;,G,Point;Line;Area;
83,"Militaerisches Uebungsgebiet",MIPARE,CATMPA;DATEND;DATSTA;NOBJNM;OBJNAM;PEREND;PERSTA;RESTRN;STATUS;,INFORM;NINFOM;NTXTDS;SCAMAX;SCAMIN;TXTDSC;,RECDAT;RECIND;SORDAT;SORIND;,G,Point;Area;
1083,"Monument",MONUMT,,,,,
84,"Festmacher-Bojen",MORFAC,BOYSHP;CATMOR;COLOUR;COLPAT;CONDTN;CONRAD;CONVIS;DATEND;DATSTA;HEIGHT;NATCON;NOBJNM;OBJNAM;PEREND;PERSTA;STATUS;VERACC;VERDAT;VERLEN;WATLEV;,INFORM;NINFOM;NTXTDS;PICREP;SCAMAX;SCAMIN;TXTDSC;,RECDAT;RECIND;SORDAT;SORIND;,G,Point;Line;Area;
85,"Empfohlene Fahrtlinie",NAVLNE,CATNAV;DATEND;DATSTA;ORIENT;PEREND;PERSTA;STATUS;,INFORM;NINFOM;NTXTDS;SCAMAX;SCAMIN;TXTDSC;,RECDAT;RECIND;SORDAT;SORIND;,G,Line;
86,"Hinderniss",OBSTRN,CATOBS;CONDTN;EXPSOU;HEIGHT;NATCON;NATQUA;NOBJNM;OBJNAM;PRODCT;QUASOU;SOUACC;STATUS;TECSOU;VALSOU;VERACC;VERDAT;VERLEN;WATLEV;NATSUR;,INFORM;NINFOM;NTXTDS;SCAMAX;SCAMIN;TXTDSC;,RECDAT;RECIND;SORDAT;SORIND;,G,Point;Line;Area;
87,"Bohrinsel/Plattform",OFSPLF,CATOFP;COLOUR;COLPAT;CONDTN;CONRAD;CONVIS;DATEND;DATSTA;HEIGHT;NATCON;NOBJNM;OBJNAM;PRODCT;STATUS;VERACC;VERDAT;VERLEN;,INFORM;NINFOM;NTXTDS;PICREP;SCAMAX;SCAMIN;TXTDSC;,RECDAT;RECIND;SORDAT;SORIND;,G,Point;Area;
88,"Seebereich mit Produktionsanlagen",OSPARE,CATPRA;CONDTN;CONRAD;CONVIS;DATEND;DATSTA;HEIGHT;NOBJNM;OBJNAM;PRODCT;RESTRN;STATUS;VERACC;VERLEN;,INFORM;NINFOM;NTXTDS;SCAMAX;SCAMIN;TXTDSC;,RECDAT;RECIND;SORDAT;SORIND;,G,Area;
89,"Oel-Barriere",OILBAR,CATOLB;CONDTN;DATEND;DATSTA;NOBJNM;OBJNAM;STATUS;,INFORM;NINFOM;NTXTDS;SCAMAX;SCAMIN;TXTDSC;,RECDAT;RECIND;SORDAT;SORIND;,G,Line;
90,"Pilon",PILPNT,CATPLE;COLOUR;COLPAT;CONDTN;CONVIS;DATEND;DATSTA;HEIGHT;NOBJNM;OBJNAM;VERACC;VERDAT;VERLEN;,INFORM;NINFOM;NTXTDS;SCAMAX;SCAMIN;TXTDSC;,RECDAT;RECIND;SORDAT;SORIND;,G,Point;
91,"Lotsen-Station",PILBOP,CATPIL;COMCHA;DATEND;DATSTA;NOBJNM;NPLDST;OBJNAM;PEREND;PERSTA;PILDST;STATUS;,INFORM;NINFOM;NTXTDS;SCAMAX;SCAMIN;TXTDSC;,RECDAT;RECIND;SORDAT;SORIND;,G,Point;Area;
92,"Gebiet mit Rohrleitungen",PIPARE,CONDTN;DATEND;DATSTA;NOBJNM;OBJNAM;PRODCT;RESTRN;STATUS;CATPIP;,INFORM;NINFOM;NTXTDS;SCAMAX;SCAMIN;TXTDSC;,RECDAT;RECIND;SORDAT;SORIND;,G,Point;Area;
93,"Rohrleitung ueber Wasser",PIPOHD,CATPIP;CONDTN;CONRAD;CONVIS;DATEND;DATSTA;NOBJNM;OBJNAM;PRODCT;STATUS;VERACC;VERCLR;VERDAT;,INFORM;NINFOM;NTXTDS;SCAMAX;SCAMIN;TXTDSC;,RECDAT;RECIND;SORDAT;SORIND;,G,Line;
94,"Rohrleitung unter Wasser oder an Land",PIPSOL,BURDEP;CATPIP;CONDTN;DATEND;DATSTA;DRVAL1;DRVAL2;NOBJNM;OBJNAM;PRODCT;STATUS;VERACC;VERLEN;VERDAT;,INFORM;NINFOM;NTXTDS;SCAMAX;SCAMIN;TXTDSC;,RECDAT;RECIND;SORDAT;SORIND;,G,Point;Line;
95,"Ponton",PONTON,CONDTN;CONRAD;CONVIS;DATEND;DATSTA;NATCON;NOBJNM;OBJNAM;PEREND;PERSTA;STATUS;VERACC;VERLEN;,INFORM;NINFOM;NTXTDS;SCAMAX;SCAMIN;TXTDSC;,RECDAT;RECIND;SORDAT;SORIND;,G,Line;Area;
96,"Sicherheits-Gebiet",PRCARE,DATEND;DATSTA;RESTRN;STATUS;,INFORM;NINFOM;NTXTDS;SCAMAX;SCAMIN;TXTDSC;,RECDAT;RECIND;SORDAT;SORIND;,G,Point;Area;
97,"Produktions-/Lager-Landbereich",PRDARE,CATPRA;CONDTN;CONRAD;CONVIS;DATEND;DATSTA;ELEVAT;HEIGHT;NOBJNM;OBJNAM;PRODCT;STATUS;VERACC;VERDAT;VERLEN;,INFORM;NINFOM;NTXTDS;PICREP;SCAMAX;SCAMIN;TXTDSC;,RECDAT;RECIND;SORDAT;SORIND;,G,Point;Area;
98,"Pfeiler",PYLONS,CATPYL;COLOUR;COLPAT;CONDTN;CONRAD;CONVIS;DATEND;DATSTA;HEIGHT;NATCON;NOBJNM;OBJNAM;VERACC;VERDAT;VERLEN;WATLEV;,INFORM;NINFOM;NTXTDS;PICREP;SCAMAX;SCAMIN;TXTDSC;,RECDAT;RECIND;SORDAT;SORIND;,G,Point;Area;
99,"Radar-Linie",RADLNE,NOBJNM;OBJNAM;ORIENT;STATUS;,INFORM;NINFOM;NTXTDS;SCAMAX;SCAMIN;TXTDSC;,RECDAT;RECIND;SORDAT;SORIND;,G,Line;
100,"Radar-Bereich",RADRNG,COMCHA;DATEND;DATSTA;NOBJNM;OBJNAM;STATUS;,INFORM;NINFOM;NTXTDS;SCAMAX;SCAMIN;TXTDSC;,RECDAT;RECIND;SORDAT;SORIND;,G,Area;
101,"Radar-Reflektor",RADRFL,HEIGHT;STATUS;VERACC;VERDAT;,INFORM;NINFOM;NTXTDS;SCAMAX;SCAMIN;TXTDSC;,RECDAT;RECIND;SORDAT;SORIND;,G,Point;
102,"Radar-Station",RADSTA,CATRAS;COMCHA;DATEND;DATSTA;HEIGHT;NOBJNM;OBJNAM;STATUS;VERACC;VALMXR;VERDAT;,INFORM;NINFOM;NTXTDS;SCAMAX;SCAMIN;TXTDSC;,RECDAT;RECIND;SORDAT;SORIND;,G,Point;
103,"Radar-Peilsender, Racon",RTPBCN,CATRTB;DATEND;DATSTA;NOBJNM;OBJNAM;RADWAL;SECTR1;SECTR2;SIGGRP;SIGSEQ;STATUS;VALMXR;,INFORM;NINFOM;NTXTDS;SCAMAX;SCAMIN;TXTDSC;,RECDAT;RECIND;SORDAT;SORIND;,G,Point;
104,"Funk-Meldestation",RDOCAL,COMCHA;DATEND;DATSTA;NOBJNM;OBJNAM;ORIENT;PEREND;PERSTA;STATUS;TRAFIC;,INFORM;NINFOM;NTXTDS;SCAMAX;SCAMIN;TXTDSC;,RECDAT;RECIND;SORDAT;SORIND;,G,Point;Line;
105,"Funkstation",RDOSTA,CALSGN;CATROS;COMCHA;DATEND;DATSTA;ESTRNG;NOBJNM;OBJNAM;ORIENT;PEREND;PERSTA;SIGFRQ;STATUS;,INFORM;NINFOM;NTXTDS;SCAMAX;SCAMIN;TXTDSC;,RECDAT;RECIND;SORDAT;SORIND;,G,Point;
106,"Eisenbahn",RAILWY,CONDTN;HEIGHT;NOBJNM;OBJNAM;STATUS;VERACC;,INFORM;NINFOM;NTXTDS;SCAMAX;SCAMIN;TXTDSC;,RECDAT;RECIND;SORDAT;SORIND;,G,Line;
107,"Stromschnellen",RAPIDS,NOBJNM;OBJNAM;VERACC;VERLEN;,INFORM;NINFOM;NTXTDS;SCAMAX;SCAMIN;TXTDSC;,RECDAT;RECIND;SORDAT;SORIND;,G,Point;Line;Area;
108,"Empfohlene Fahrtroute",RCRTCL,CATTRK;DATEND;DATSTA;DRVAL1;DRVAL2;NOBJNM;OBJNAM;ORIENT;PEREND;PERSTA;QUASOU;SOUACC;STATUS;TECSOU;TRAFIC;VERDAT;,INFORM;NINFOM;NTXTDS;SCAMAX;SCAMIN;TXTDSC;,RECDAT;RECIND;SORDAT;SORIND;,G,Line;
109,"Empfohlene Strecke",RECTRC,CATTRK;DATEND;DATSTA;DRVAL1;DRVAL2;NOBJNM;OBJNAM;ORIENT;PEREND;PERSTA;QUASOU;SOUACC;STATUS;TECSOU;TRAFIC;VERDAT;,INFORM;NINFOM;NTXTDS;SCAMAX;SCAMIN;TXTDSC;,RECDAT;RECIND;SORDAT;SORIND;,G,Line;Area;
110,"Empfohlenes Verkehrstrennungsgebiet",RCTLPT,DATEND;DATSTA;ORIENT;STATUS;,INFORM;NINFOM;NTXTDS;SCAMAX;SCAMIN;TXTDSC;,RECDAT;RECIND;SORDAT;SORIND;,G,Point;Area;
111,"Rettungs-Station",RSCSTA,CATRSC;DATEND;DATSTA;NOBJNM;OBJNAM;PEREND;PERSTA;STATUS;,INFORM;NINFOM;SCAMAX;SCAMIN;,RECDAT;RECIND;SORDAT;SORIND;,G,Point;
112,"Eingeschraenktes Gebiet",RESARE,CATREA;DATEND;DATSTA;NOBJNM;OBJNAM;PEREND;PERSTA;RESTRN;STATUS;,INFORM;NINFOM;NTXTDS;SCAMAX;SCAMIN;TXTDSC;,RECDAT;RECIND;SORDAT;SORIND;,G,Area;
113,"Lichtreflektor",RETRFL,COLOUR;COLPAT;HEIGHT;MARSYS;STATUS;VERACC;VERDAT;,INFORM;NINFOM;NTXTDS;SCAMAX;SCAMIN;TXTDSC;,RECDAT;RECIND;SORDAT;SORIND;,G,Point;
114,"Fluss",RIVERS,NOBJNM;OBJNAM;STATUS;,INFORM;NINFOM;NTXTDS;SCAMAX;SCAMIN;TXTDSC;,RECDAT;RECIND;SORDAT;SORIND;,G,Line;Area;
115,"Fluss-Ufer",RIVBNK,NOBJNM;OBJNAM;,INFORM;NINFOM;NTXTDS;SCAMAX;SCAMIN;TXTDSC;,RECDAT;RECIND;SORDAT;SORIND;,G,Line;Area;
116,"Strasse",ROADWY,CATROD;CONDTN;NATCON;NOBJNM;OBJNAM;STATUS;,INFORM;NINFOM;NTXTDS;SCAMAX;SCAMIN;TXTDSC;,RECDAT;RECIND;SORDAT;SORIND;,G,Point;Line;Area;
117,"Landeflaeche, Rollbahn",RUNWAY,CATRUN;CONDTN;CONVIS;NATCON;NOBJNM;OBJNAM;PEREND;PERSTA;STATUS;,INFORM;NINFOM;NTXTDS;SCAMAX;SCAMIN;TXTDSC;,RECDAT;RECIND;SORDAT;SORIND;,G,Point;Line;Area;
118,"Mobile Sandduenen unter Wasser",SNDWAV,VERACC;VERLEN;,INFORM;NINFOM;NTXTDS;SCAMAX;SCAMIN;TXTDSC;,RECDAT;RECIND;SORDAT;SORIND;,G,Point;Line;Area;
119,"Geografisch definierter See-/Wasser-Bereich",SEAARE,CATSEA;NOBJNM;OBJNAM;,INFORM;NINFOM;NTXTDS;SCAMAX;SCAMIN;TXTDSC;,RECDAT;RECIND;SORDAT;SORIND;,G,Point;Area;
120,"Wasserflugzeug-Landeplatz",SPLARE,NOBJNM;OBJNAM;PEREND;PERSTA;RESTRN;STATUS;,INFORM;NINFOM;NTXTDS;SCAMAX;SCAMIN;TXTDSC;VALDCO;,RECDAT;RECIND;SORDAT;SORIND;,G,Point;Area;
121,"Gebiet mit homogenem Untergrund",SBDARE,COLOUR;NATQUA;NATSUR;WATLEV;OBJNAM;NOBJNM;,INFORM;NINFOM;NTXTDS;SCAMAX;SCAMIN;TXTDSC;,RECDAT;RECIND;SORDAT;SORIND;,G,Point;Line;Area;
122,"Kuesten-Strukturen, -Bebauung",SLCONS,CATSLC;COLOUR;COLPAT;CONDTN;CONRAD;CONVIS;DATEND;DATSTA;HEIGHT;HORACC;HORCLR;HORLEN;HORWID;NATCON;NOBJNM;OBJNAM;STATUS;VERACC;VERDAT;VERLEN;WATLEV;,INFORM;NINFOM;NTXTDS;SCAMAX;SCAMIN;TXTDSC;,RECDAT;RECIND;SORDAT;SORIND;,G,Point;Line;Area;
123,"Signalstation fuer Verkehr",SISTAT,CATSIT;COMCHA;DATEND;DATSTA;NOBJNM;OBJNAM;PEREND;PERSTA;STATUS;,INFORM;NINFOM;NTXTDS;SCAMAX;SCAMIN;TXTDSC;,RECDAT;RECIND;SORDAT;SORIND;,G,Point;
124,"Signalstation fuer Warnungen",SISTAW,CATSIW;COMCHA;DATEND;DATSTA;NOBJNM;OBJNAM;PEREND;PERSTA;STATUS;,INFORM;NINFOM;NTXTDS;SCAMAX;SCAMIN;TXTDSC;,RECDAT;RECIND;SORDAT;SORIND;,G,Point;
125,"Silo/Tank",SILTNK,BUISHP;CATSIL;COLOUR;COLPAT;CONDTN;CONRAD;CONVIS;ELEVAT;HEIGHT;NATCON;NOBJNM;OBJNAM;PRODCT;STATUS;VERACC;VERDAT;VERLEN;,INFORM;NINFOM;NTXTDS;PICREP;SCAMAX;SCAMIN;TXTDSC;,RECDAT;RECIND;SORDAT;SORIND;,G,Point;Area;
126,"Hangspitze",SLOTOP,CATSLO;COLOUR;CONRAD;CONVIS;ELEVAT;NATCON;NATQUA;NATSUR;NOBJNM;OBJNAM;VERACC;VERDAT;,INFORM;NINFOM;NTXTDS;SCAMAX;SCAMIN;TXTDSC;,RECDAT;RECIND;SORDAT;SORIND;,G,Line;
127,"Geneigte Flaeche, Hang",SLOGRD,CATSLO;COLOUR;CONRAD;CONVIS;NATCON;NATQUA;NATSUR;NOBJNM;OBJNAM;,INFORM;NINFOM;NTXTDS;SCAMAX;SCAMIN;TXTDSC;,RECDAT;RECIND;SORDAT;SORIND;,G,Point;Area;
128,"Servicestation fuer Boote",SMCFAC,CATSCF;NOBJNM;OBJNAM;PEREND;PERSTA;STATUS;,INFORM;NINFOM;NTXTDS;SCAMAX;SCAMIN;TXTDSC;,RECDAT;RECIND;SORDAT;SORIND;,G,Point;Area;
129,"Wassertiefe (negativ fuer Trockenfallend)",SOUNDG,EXPSOU;NOBJNM;OBJNAM;QUASOU;SOUACC;TECSOU;VERDAT;STATUS;,INFORM;NINFOM;NTXTDS;SCAMAX;SCAMIN;TXTDSC;,RECDAT;RECIND;SORDAT;SORIND;,G,Point;
130,"Quelle",SPRING,NOBJNM;OBJNAM;,INFORM;NINFOM;NTXTDS;SCAMAX;SCAMIN;TXTDSC;,RECDAT;RECIND;SORDAT;SORIND;,G,Point;
131,"Platz",SQUARE,CONDTN;NATCON;NOBJNM;OBJNAM;STATUS;,INFORM;NINFOM;NTXTDS;SCAMAX;SCAMIN;TXTDSC;,RECDAT;RECIND;SORDAT;SORIND;,G,Point;Line;Area;
132,"Basislinie der territorialen Seegrenzen",STSLNE,NATION;,INFORM;NINFOM;NTXTDS;SCAMAX;SCAMIN;TXTDSC;,RECDAT;RECIND;SORDAT;SORIND;,G,Line;
133,"U-Boot Verkehrsgebiet",SUBTLN,NOBJNM;OBJNAM;RESTRN;,INFORM;NINFOM;NTXTDS;SCAMAX;SCAMIN;TXTDSC;,RECDAT;RECIND;SORDAT;SORIND;,G,Area;
134,"Geraeumtes Gebiet",SWPARE,DRVAL1;QUASOU;SOUACC;TECSOU;VERDAT;,INFORM;NINFOM;NTXTDS;SCAMAX;SCAMIN;TXTDSC;,RECDAT;RECIND;SORDAT;SORIND;,G,Area;
135,"Territorialer Seebereich (12 Meilenzone)",TESARE,NATION;RESTRN;,INFORM;NINFOM;NTXTDS;SCAMAX;SCAMIN;TXTDSC;,RECDAT;RECIND;SORDAT;SORIND;,G,Area;
135,"Text",_texto,,,,,
136,"Tidenstrom mit Harmonic Vorhersage",TS_PRH,NOBJNM;OBJNAM;T_MTOD;T_VAHC;STATUS;,INFORM;NINFOM;NTXTDS;SCAMAX;SCAMIN;TXTDSC;,RECDAT;RECIND;SORDAT;SORIND;,G,Point;Area;
137,"Tidenstrom ohne Harmonic Vorhersage",TS_PNH,NOBJNM;OBJNAM;T_MTOD;T_THDF;STATUS;,INFORM;NINFOM;NTXTDS;SCAMAX;SCAMIN;TXTDSC;,RECDAT;RECIND;SORDAT;SORIND;,G,Point;Area;
138,"Tidenstrom Gezeitentafel",TS_PAD,NOBJNM;OBJNAM;TS_TSP;,INFORM;NINFOM;NTXTDS;SCAMAX;SCAMIN;TXTDSC;,RECDAT;RECIND;SORDAT;SORIND;,G,Point;Area;
139,"Tidenstrom zeitbestimmt",TS_TIS,NOBJNM;OBJNAM;STATUS;TIMEND;TIMSTA;T_TINT;TS_TSV;,INFORM;NINFOM;NTXTDS;SCAMAX;SCAMIN;TXTDSC;,RECDAT;RECIND;SORDAT;SORIND;,G,Point;Area;
140,"Tide mit Harmonic Vorhersage",T_HMON,NOBJNM;OBJNAM;T_ACWL;T_MTOD;T_VAHC;STATUS;,INFORM;NINFOM;NTXTDS;SCAMAX;SCAMIN;TXTDSC;,RECDAT;RECIND;SORDAT;SORIND;,G,Point;Area;
141,"Tide ohne Harmonic Vorhersage",T_NHMN,NOBJNM;OBJNAM;T_ACWL;T_MTOD;T_THDF;STATUS;,INFORM;NINFOM;NTXTDS;SCAMAX;SCAMIN;TXTDSC;,RECDAT;RECIND;SORDAT;SORIND;,G,Point;Area;
142,"Tidenstrom zeitbestimmt",T_TIMS,NOBJNM;OBJNAM;T_HWLW;T_TINT;T_TSVL;TIMEND;TIMSTA;STATUS;T_ACWL;,INFORM;NINFOM;NTXTDS;SCAMAX;SCAMIN;TXTDSC;,RECDAT;RECIND;SORDAT;SORIND;,G,Point;Area;
143,"Tidenkanal",TIDEWY,NOBJNM;OBJNAM;,INFORM;NINFOM;NTXTDS;SCAMAX;SCAMIN;TXTDSC;,RECDAT;RECIND;SORDAT;SORIND;,G,Line;Area;
144,"Seezeichen/Bojen Topzeichen",TOPMAR,COLOUR;COLPAT;HEIGHT;MARSYS;STATUS;TOPSHP;VERACC;VERDAT;VERLEN;DATSTA;DATEND;PEREND;PERSTA;,INFORM;NINFOM;NTXTDS;PICREP;SCAMAX;SCAMIN;TXTDSC;,RECDAT;RECIND;SORDAT;SORIND;,G,Point;
1144,"Turm",TOWERS,,,,,
145,"Verkehrstrennungs-Linie",TSELNE,CATTSS;DATEND;DATSTA;STATUS;,INFORM;NINFOM;NTXTDS;SCAMAX;SCAMIN;TXTDSC;,RECDAT;RECIND;SORDAT;SORIND;,G,Line;
146,"Verkehrstrennungsgebiet Grenzen",TSSBND,CATTSS;DATEND;DATSTA;STATUS;,INFORM;NINFOM;NTXTDS;SCAMAX;SCAMIN;TXTDSC;,RECDAT;RECIND;SORDAT;SORIND;,G,Line;
147,"Kreuzung von Verkehrstrennungs-Routen",TSSCRS,CATTSS;DATEND;DATSTA;RESTRN;STATUS;,INFORM;NINFOM;NTXTDS;SCAMAX;SCAMIN;TXTDSC;,RECDAT;RECIND;SORDAT;SORIND;,G,Area;
148,"Verkehrstrennungs-Bahn (nur eine Richtung)",TSSLPT,CATTSS;DATEND;DATSTA;ORIENT;RESTRN;STATUS;,INFORM;NINFOM;NTXTDS;SCAMAX;SCAMIN;TXTDSC;,RECDAT;RECIND;SORDAT;SORIND;,G,Area;
149,"Verkehrstrennungs-Schema entgegen Uhrzeigersinn",TSSRON,CATTSS;DATEND;DATSTA;RESTRN;STATUS;,INFORM;NINFOM;NTXTDS;SCAMAX;SCAMIN;TXTDSC;,RECDAT;RECIND;SORDAT;SORIND;,G,Area;
150,"Verkehrstrennungs-Gebiet",TSEZNE,CATTSS;DATEND;DATSTA;STATUS;,INFORM;NINFOM;NTXTDS;SCAMAX;SCAMIN;TXTDSC;,RECDAT;RECIND;SORDAT;SORIND;,G,Area;
151,"Tunnel",TUNNEL,BURDEP;CONDTN;HORACC;HORCLR;NOBJNM;OBJNAM;STATUS;VERACC;VERCLR;,INFORM;NINFOM;NTXTDS;PICREP;SCAMAX;SCAMIN;TXTDSC;,RECDAT;RECIND;SORDAT;SORIND;,G,Point;Line;Area;
152,"Zwei-Wege Route mit definierten Grenzen",TWRTPT,CATTRK;DATEND;DATSTA;DRVAL1;DRVAL2;ORIENT;QUASOU;SOUACC;STATUS;TECSOU;TRAFIC;VERDAT;,INFORM;NINFOM;NTXTDS;SCAMAX;SCAMIN;TXTDSC;,RECDAT;RECIND;SORDAT;SORIND;,G,Area;
153,"Unterwasser-Felsen oder Riff",UWTROC,EXPSOU;NATSUR;NATQUA;NOBJNM;OBJNAM;QUASOU;SOUACC;STATUS;TECSOU;VALSOU;VERDAT;WATLEV;,INFORM;NINFOM;NTXTDS;SCAMAX;SCAMIN;TXTDSC;,RECDAT;RECIND;SORDAT;SORIND;,G,Point;
154,"Unbeobachtetes Gebiet",UNSARE,,INFORM;NINFOM;NTXTDS;SCAMAX;SCAMIN;TXTDSC;,RECDAT;RECIND;SORDAT;SORIND;,G,Area;
155,"Vegetation",VEGATN,CATVEG;CONVIS;ELEVAT;HEIGHT;NOBJNM;OBJNAM;VERACC;VERDAT;VERLEN;,INFORM;NINFOM;NTXTDS;SCAMAX;SCAMIN;TXTDSC;,RECDAT;RECIND;SORDAT;SORIND;,G,Point;Line;Area;
156,"Wasser-Strudel",WATTUR,CATWAT;NOBJNM;OBJNAM;,INFORM;NINFOM;NTXTDS;SCAMAX;SCAMIN;TXTDSC;,RECDAT;RECIND;SORDAT;SORIND;,G,Point;Line;Area;
157,"Wasserfall",WATFAL,CONVIS;NOBJNM;OBJNAM;VERACC;VERLEN;,INFORM;NINFOM;NTXTDS;SCAMAX;SCAMIN;TXTDSC;,RECDAT;RECIND;SORDAT;SORIND;,G,Point;Line;
158,"Algen/Seegras/Seetank",WEDKLP,CATWED;NOBJNM;OBJNAM;,INFORM;NINFOM;NTXTDS;SCAMAX;SCAMIN;TXTDSC;,RECDAT;RECIND;SORDAT;SORIND;,G,Point;Area;
159,"Wrack",WRECKS,CATWRK;CONRAD;CONVIS;EXPSOU;HEIGHT;NOBJNM;OBJNAM;QUASOU;SOUACC;STATUS;TECSOU;VALSOU;VERACC;VERDAT;VERLEN;WATLEV;,INFORM;NINFOM;NTXTDS;SCAMAX;SCAMIN;TXTDSC;,RECDAT;RECIND;SORDAT;SORIND;,G,Point;Area;
1159,"Grenze Wasser/Tidenbereich",ZEMCNT,,,,,
160,"Tidenstrom - Flut/Ebbe",TS_FEB,CAT_TS;CURVEL;DATEND;DATSTA;NOBJNM;OBJNAM;ORIENT;PEREND;PERSTA;,INFORM;NINFOM;NTXTDS;SCAMAX;SCAMIN;TXTDSC;,RECDAT;RECIND;SORDAT;SORIND;,G,Point;Area;
163,"New Object",NEWOBJ,CLSDEF;CLSNAM;COLOUR;COLPAT;CONDTN;CONRAD;CONVIS;DATEND;DATSTA;NATION;NOBJNM;OBJNAM;PEREND;PERSTA;RESTRN;STATUS;WATLEV;,INFORM;NINFOM;NTXTDS;PICREP;SCAMAX;SCAMIN;SYMINS;TXTDSC;,RECDAT;RECIND;SORDAT;SORIND;,G,Point;Line;Area;
300,"Gebiet bester Datengenauigkeit",M_ACCY,HORACC;POSACC;SOUACC;VERACC;,INFORM;NINFOM;NTXTDS;TXTDSC;,RECDAT;RECIND;SORDAT;SORIND;,M,Area;
301,"Gebiet mit gleicher Skalierung",M_CSCL,CSCALE;,INFORM;NINFOM;NTXTDS;TXTDSC;,RECDAT;RECIND;SORDAT;SORIND;,M,Area;
302,"Geografische Flaeche raeumlicher Objekte",M_COVR,CATCOV;,INFORM;NINFOM;,RECDAT;RECIND;SORDAT;SORIND;,M,Area;
303,"Gebiet mit gleichem horizontalen Datum",M_HDAT,HORDAT;,INFORM;NINFOM;NTXTDS;TXTDSC;,RECDAT;RECIND;SORDAT;SORIND;,M,Area;
304,"Gebiet mit unterschiedlichem horizontalen Datum",M_HOPA,HORDAT;SHIPAM;,INFORM;NINFOM;NTXTDS;SCAMAX;SCAMIN;TXTDSC;,RECDAT;RECIND;SORDAT;SORIND;,M,Area;
305,"Datenverbindung mit nautischen Informationen",M_NPUB,,INFORM;NINFOM;NTXTDS;PICREP;PUBREF;TXTDSC;,RECDAT;RECIND;SORDAT;SORIND;,M,Area;
306,"Gebiet mit speziellem Markierungssystem",M_NSYS,MARSYS;ORIENT;,INFORM;NINFOM;NTXTDS;SCAMAX;SCAMIN;TXTDSC;,RECDAT;RECIND;SORDAT;SORIND;,M,Area;
307,"Flaeche mit gleichen Daten-Parametern",M_PROD,AGENCY;CPDATE;NATION;NMDATE;PRCTRY;,INFORM;NINFOM;NTXTDS;TXTDSC;,RECDAT;RECIND;SORDAT;SORIND;,M,Area;
308,"Gebiet mit gleicher Daten-Qualitaet",M_QUAL,CATQUA;CATZOC;DRVAL1;DRVAL2;POSACC;SOUACC;SUREND;SURSTA;TECSOU;VERDAT;,INFORM;NINFOM;NTXTDS;TXTDSC;,RECDAT;RECIND;SORDAT;SORIND;,M,Area;
309,"Gebiet mit gleichem Tiefenmess-Datum",M_SDAT,VERDAT;,INFORM;NINFOM;NTXTDS;TXTDSC;,RECDAT;RECIND;SORDAT;SORIND;,M,Area;
310,"Flaeche mit gleichen Oberflaechen-Informationen",M_SREL,QUAPOS;QUASOU;SCVAL1;SCVAL2;SDISMN;SDISMX;SURATH;SUREND;SURSTA;SURTYP;TECSOU;,INFORM;NINFOM;NTXTDS;TXTDSC;,RECDAT;RECIND;SORDAT;SORIND;,M,Area;
311,"Gebiet mit gleicher Einheit von Hoehen/Tiefen-Messung",M_UNIT,DUNITS;HUNITS;PUNITS;,INFORM;NINFOM;NTXTDS;TXTDSC;,RECDAT;RECIND;SORDAT;SORIND;,M,Area;
312,"Gebiet mit gleichem vertikalen Datum",M_VDAT,VERDAT;,INFORM;NINFOM;NTXTDS;TXTDSC;,RECDAT;RECIND;SORDAT;SORIND;,M,Area;
400,"Kombiniertes Objekt",C_AGGR,NOBJNM;OBJNAM;,INFORM;NINFOM;NTXTDS;PICREP;SCAMAX;SCAMIN;TXTDSC;,RECDAT;RECIND;SORDAT;SORIND;,C,
401,"Zusammenfassendes Objekt",C_ASSO,NOBJNM;OBJNAM;,INFORM;NINFOM;NTXTDS;PICREP;SCAMAX;SCAMIN;TXTDSC;,RECDAT;RECIND;SORDAT;SORIND;,C,
402,"Stapelreihenfolge von Objekten",C_STAC,,INFORM;NINFOM;NTXTDS;PICREP;SCAMAX;SCAMIN;TXTDSC;,RECDAT;RECIND;SORDAT;SORIND;,C,
500,"Kartografischer Bereich",$AREAS,COLOUR;ORIENT;$SCODE;$TINTS;,INFORM;NINFOM;NTXTDS;PICREP;SCAMAX;SCAMIN;TXTDSC;,RECDAT;RECIND;SORDAT;SORIND;,$,
501,"Kartografische Linie",$LINES,$SCODE;,INFORM;NINFOM;NTXTDS;PICREP;SCAMAX;SCAMIN;TXTDSC;,RECDAT;RECIND;SORDAT;SORIND;,$,
502,"Kartografisches Symbol",$CSYMB,ORIENT;$SCALE;$SCODE;,INFORM;NINFOM;NTXTDS;PICREP;SCAMAX;SCAMIN;TXTDSC;,RECDAT;RECIND;SORDAT;SORIND;,$,
503,"Kompass-Rose auf der Karte",$COMPS,$CSIZE;RYRMGV;VALACM;VALMAG;,INFORM;NINFOM;NTXTDS;PICREP;SCAMAX;SCAMIN;TXTDSC;,RECDAT;RECIND;SORDAT;SORIND;,$,
504,"Text",$TEXTS,$CHARS;COLOUR;$JUSTH;$JUSTV;$NTXST;$SPACE;$TXSTR;,INFORM;NINFOM;NTXTDS;PICREP;SCAMAX;SCAMIN;TXTDSC;,RECDAT;RECIND;SORDAT;SORIND;,$,
17000,"Ankerplatz",achbrt,SCAMIN;,catach;clsdng;restrn;STATUS;OBJNAM;NOBJNM;INFORM;NINFOM;PICREP;TXTDSC;DATSTA;DATEND;PERSTA;PEREND;,unlocd;SORDAT;SORIND;,G,Point;Area;
17001,"Ankergebiet",achare,SCAMIN;,catach;clsdng;restrn;STATUS;OBJNAM;NOBJNM;INFORM;NINFOM;PICREP;TXTDSC;DATSTA;DATEND;PERSTA;PEREND;,unlocd;SORDAT;SORIND;,G,Point;Area;
17002,"Kanal-Ufer",canbnk,catbnk;CONRAD;DATEND;DATSTA;NATSUR;NOBJNM;OBJNAM;,INFORM;NINFOM;NTXTDS;PICREP;SCAMIN;TXTDSC;updmsg;,SORDAT;SORIND;,G,Line;
17003,"Tiefenbereich",depare,DRVAL1;DRVAL2;wtwdis;,DATSTA;DATEND;PERSTA;PEREND;,eleva1;eleva2;QUASOU;hunits;SORDAT;SORIND;,G,Area;
17004,"Entfernungsmarke",dismar,CATDIS;hunits;wtwdis;SCAMIN;,OBJNAM;NOBJNM;INFORM;NINFOM;PICREP;TXTDSC;DATSTA;DATEND;PERSTA;PEREND;,unlocd;SORDAT;SORIND;,G,Point;
17005,"Eingeschraenktes Gebiet",resare,restrn;SCAMIN;,CATREA;OBJNAM;NOBJNM;NINFOM;PICREP;DATSTA;DATEND;PERSTA;PEREND;,INFORM;TXTDSC;SORDAT;SORIND;,G,Area;
17006,"Fluss-Ufer",rivbnk,catbnk;CONRAD;NATSUR;NOBJNM;OBJNAM;,INFORM;NINFOM;NTXTDS;PICREP;SCAMIN;TXTDSC;updmsg;,SORDAT;SORIND;,G,Line;
17007,"Signalstation fuer Verkehr",sistat,catsit;SCAMIN;,dirimp;NOBJNM;INFORM;NINFOM;PICREP;TXTDSC;DATSTA;DATEND;PERSTA;PEREND;,OBJNAM;SORDAT;SORIND;,G,Point;
17008,"Signalstation fuer Warnungen",sistaw,catsiw;SCAMIN;,OBJNAM;NOBJNM;INFORM;NINFOM;PICREP;DATSTA;DATEND;PERSTA;PEREND;,TXTDSC;SORDAT;SORIND;,G,Point;
17009,"Seezeichen/Bojen Topzeichen",topmar,COLOUR;COLPAT;HEIGHT;marsys;STATUS;TOPSHP;VERACC;verdat;VERLEN;,INFORM;NINFOM;NTXTDS;PICREP;SCAMIN;TXTDSC;updmsg;,SORDAT;SORIND;,G,Point;
17010,"Liegeplatz",berths,SCAMIN;,catbrt;clsdng;DRVAL1;STATUS;trshgd;OBJNAM;NOBJNM;INFORM;NINFOM;PICREP;TXTDSC;DATSTA;DATEND;PERSTA;PEREND;,QUASOU;SOUACC;unlocd;verdat;SORDAT;SORIND;,G,Point;Line;Area;
17011,"Bruecke",bridge,CATBRG;wtwdis;SCAMIN;,HORCLR;OBJNAM;NOBJNM;NINFOM;PICREP;TXTDSC;DATSTA;DATEND;PERSTA;PEREND;,VERCCL;VERCLR;VERCOP;hunits;unlocd;verdat;INFORM;SORDAT;SORIND;,G,Area;
17012,"Kabeltrasse (mit Masten)",cblohd,catcbl;VERCLR;SCAMIN;,verdat;wtwdis;OBJNAM;NOBJNM;INFORM;NINFOM;PICREP;TXTDSC;DATSTA;DATEND;PERSTA;PEREND;,hunits;SORDAT;SORIND;,G,Line;
17013,"Route fuer Faehren",feryrt,catfry;SCAMIN;,NOBJNM;OBJNAM;STATUS;INFORM;NINFOM;NTXTDS;PICREP;TXTDSC;DATSTA;DATEND;PERSTA;PEREND;,SORDAT;SORIND;,G,Line;
17014,"Hafenbereich (administrativ)",hrbare,SCAMIN;,cathbr;OBJNAM;NOBJNM;INFORM;NINFOM;PICREP;TXTDSC;DATSTA;DATEND;PERSTA;PEREND;,unlocd;SORDAT;SORIND;,G,Area;
17015,"Hafen",hrbfac,cathaf;SCAMIN;,OBJNAM;NOBJNM;INFORM;NINFOM;PICREP;TXTDSC;DATSTA;DATEND;PERSTA;PEREND;,SORDAT;SORIND;,G,Point;Area;
17016,"Schiffshebewerk",lokbsn,horcll;horclw;SCAMIN;,HORLEN;HORWID;OBJNAM;NOBJNM;INFORM;NINFOM;PICREP;TXTDSC;DATSTA;DATEND;PERSTA;PEREND;,unlocd;SORDAT;SORIND;,G,Area;
17017,"Funk-Meldestation",rdocal,COMCHA;ORIENT;TRAFIC;SCAMIN;,catcom;OBJNAM;NOBJNM;INFORM;NINFOM;PICREP;DATSTA;DATEND;PERSTA;PEREND;,TXTDSC;SORDAT;SORIND;,G,Point;Line;
17018,"Gebiet mit speziellem Markierungssystem",m_nsys,marsys;,,SORDAT;SORIND;,M,Area;
17019,"Stroemung",curent,SCAMIN;,OBJNAM;NOBJNM;INFORM;NINFOM;PICREP;TXTDSC;DATSTA;DATEND;PERSTA;PEREND;,curvhw;curvlw;curvmw;curvow;dirimp;hignam;lownam;meanam;othnam;ORIENT;SORDAT;SORIND;,G,Point;Area;
17020,"Permanent verankertes Schiff",hulkes,SCAMIN;,cathlk;OBJNAM;NOBJNM;INFORM;NINFOM;PICREP;TXTDSC;DATSTA;DATEND;PERSTA;PEREND;,unlocd;SORDAT;SORIND;,G,Area;
17021,"Ponton",ponton,SCAMIN;,OBJNAM;NOBJNM;INFORM;NINFOM;PICREP;TXTDSC;DATSTA;DATEND;PERSTA;PEREND;,unlocd;SORDAT;SORIND;,G,Area;
17022,"Gebiet mit gleichem Tiefenmess-Datum",m_sdat,verdat;,,SORDAT;SORIND;,M,Area;
17023,"Vertikales Datum",m_vdat,verdat;,INFORM;NINFOM;NTXTDS;TXTDSC;,SORDAT;SORIND;,M,Area;
17024,"Rohrleitung ueber Wasser",pipohd,CATPIP;PRODCT;VERCLR;SCAMIN;,verdat;wtwdis;OBJNAM;NOBJNM;INFORM;NINFOM;PICREP;TXTDSC;DATSTA;DATEND;PERSTA;PEREND;,hunits;SORDAT;SORIND;,G,Line;
17025,"Schwimmdock",flodoc,SCAMIN;,DRVAL1;HORCLR;HORLEN;horcll;horclw;HORWID;verdat;OBJNAM;NOBJNM;INFORM;NINFOM;PICREP;TXTDSC;DATSTA;DATEND;PERSTA;PEREND;,SORDAT;SORIND;,G,Area;
17027,"Checkpoint",chkpnt,catchp;NATION;SCAMIN;,OBJNAM;NOBJNM;INFORM;NINFOM;PICREP;TXTDSC;DATSTA;DATEND;PERSTA;PEREND;,unlocd;SORDAT;SORIND;,G,Point;Area;
17028,"Seezeichen, Lateral",bcnlat,BCNSHP;catlam;COLOUR;SCAMIN;,OBJNAM;NOBJNM;INFORM;NINFOM;PICREP;TXTDSC;DATSTA;DATEND;PERSTA;PEREND;,COLPAT;dirimp;SORDAT;SORIND;,G,Point;
17029,"Boje, Lateral",boylat,BOYSHP;catlam;COLOUR;SCAMIN;,CONRAD;NOBJNM;INFORM;NINFOM;PICREP;TXTDSC;DATSTA;DATEND;PERSTA;PEREND;,COLPAT;marsys;OBJNAM;SORDAT;SORIND;,G,Point;
17030,"Kran",cranes,CATCRN;SCAMIN;,VERCLR;verdat;OBJNAM;NOBJNM;INFORM;NINFOM;PICREP;TXTDSC;DATSTA;DATEND;PERSTA;PEREND;,SORDAT;SORIND;,G,Point;Area;
17031,"Wehr",gatcon,CATGAT;HORCLR;SCAMIN;,VERCLR;wtwdis;verdat;OBJNAM;NOBJNM;INFORM;NINFOM;PICREP;TXTDSC;DATSTA;DATEND;PERSTA;PEREND;,hunits;SORDAT;SORIND;,G,Line;Area;
17032,"Kuestenstrukturen/-Bebauung",slcons,catslc;SCAMIN;,NATCON;OBJNAM;NOBJNM;INFORM;NINFOM;PICREP;TXTDSC;DATSTA;DATEND;PERSTA;PEREND;,watlev;SORDAT;SORIND;,G,Line;Area;
17033,"Unterwasser-Felsen oder Riff",uwtroc,VALSOU;watlev;SCAMIN;,OBJNAM;NOBJNM;INFORM;NINFOM;PICREP;TXTDSC;DATSTA;DATEND;PERSTA;PEREND;,SORDAT;SORIND;,G,Point;
17034,"Foerderanlage",convyr,CATCON;SCAMIN;,PRODCT;VERCLR;verdat;OBJNAM;NOBJNM;INFORM;NINFOM;PICREP;TXTDSC;DATSTA;DATEND;PERSTA;PEREND;,SORDAT;SORIND;,G,Line;
17050,"Hinweiszeichen Binnengewaesser",notmrk,catnmk;fnctnm;SCAMIN;,addmrk;dirimp;disipd;disipu;disbk1;disbk2;marsys;STATUS;OBJNAM;NOBJNM;INFORM;NINFOM;PICREP;TXTDSC;DATSTA;DATEND;PERSTA;PEREND;,ORIENT;SORDAT;SORIND;,G,Point;
17051,"Wasserweg-Achse Binnengewaesser",wtwaxs,OBJNAM;SCAMIN;,catccl;NOBJNM;INFORM;NINFOM;PICREP;TXTDSC;DATSTA;DATEND;PERSTA;PEREND;,SORDAT;SORIND;,G,Line;
17052,"Wasserweg-Profil Binnengewaesser",wtwprf,wtwdis;SCAMIN;,OBJNAM;NOBJNM;INFORM;NINFOM;PICREP;TXTDSC;DATSTA;DATEND;PERSTA;PEREND;,hunits;HEIGHT;reflev;verdat;SORDAT;SORIND;,G,Line;
17053,"Brueckenbereich",brgare,comctn;NOBJNM;OBJNAM;,INFORM;NINFOM;NTXTDS;PICREP;SCAMIN;TXTDSC;updmsg;,SORDAT;SORIND;,G,Area;
17054,"Bunkerstation",bunsta,bunves;SCAMIN;,catbun;OBJNAM;OBJNAM;NOBJNM;INFORM;NINFOM;PICREP;TXTDSC;DATSTA;DATEND;PERSTA;PEREND;,unlocd;SORDAT;SORIND;,G,Point;Area;
17055,"Kommunikationsgebiet",comare,COMCHA;SCAMIN;,catcom;STATUS;OBJNAM;NOBJNM;INFORM;NINFOM;PICREP;TXTDSC;DATSTA;DATEND;PERSTA;PEREND;,SORDAT;SORIND;,G,Area;
17056,"Hafenbecken",hrbbsn,SCAMIN;,HORLEN;HORWID;OBJNAM;NOBJNM;INFORM;NINFOM;PICREP;TXTDSC;DATSTA;DATEND;PERSTA;PEREND;,unlocd;SORDAT;SORIND;,G,Area;
17057,"Schleusenbereich",lokare,comctn;NOBJNM;OBJNAM;STATUS;,INFORM;NINFOM;NTXTDS;PICREP;SCAMIN;TXTDSC;updmsg;,SORDAT;SORIND;,G,Area;
17058,"Schiffshebewerk Teil",lkbspt,horcll;horclw;SCAMIN;,HORLEN;HORWID;OBJNAM;NOBJNM;INFORM;NINFOM;PICREP;TXTDSC;DATSTA;DATEND;PERSTA;PEREND;,unlocd;SORDAT;SORIND;,G,Area;
17059,"Hafenbereich",prtare,SCAMIN;,OBJNAM;NOBJNM;INFORM;NINFOM;PICREP;TXTDSC;DATSTA;DATEND;PERSTA;PEREND;,unlocd;SORDAT;SORIND;,G,Area;
17060,"Seezeichen Binnengewaesser",bcnwtw,BCNSHP;catwwm;COLOUR;COLPAT;CONDTN;CONRAD;CONVIS;DATEND;DATSTA;dirimp;ELEVAT;HEIGHT;marsys;NATCON;NOBJNM;OBJNAM;PEREND;PERSTA;STATUS;VERACC;verdat;VERLEN;,INFORM;NINFOM;NTXTDS;PICREP;SCAMIN;TXTDSC;updmsg;,SORDAT;SORIND;,G,Point;
17061,"Boje Binnengewaesser",boywtw,BOYSHP;catwwm;COLOUR;COLPAT;CONDTN;CONRAD;CONVIS;DATEND;DATSTA;marsys;NATCON;NOBJNM;OBJNAM;PEREND;PERSTA;STATUS;VERLEN;,INFORM;NINFOM;NTXTDS;PICREP;SCAMIN;TXTDSC;updmsg;,SORDAT;SORIND;,G,Point;
17062,"Abfallplatz",refdmp,SCAMIN;,catrfd;OBJNAM;NOBJNM;INFORM;NINFOM;PICREP;TXTDSC;DATSTA;DATEND;PERSTA;PEREND;,SORDAT;SORIND;,G,Point;
17063,"Routen Planungspunkt",rtplpt,NOBJNM;OBJNAM;,INFORM;NINFOM;NTXTDS;PICREP;SCAMIN;TXTDSC;updmsg;,SORDAT;SORIND;,G,Point;
17064,"Terminal",termnl,cathaf;SCAMIN;,trshgd;OBJNAM;NOBJNM;INFORM;NINFOM;PICREP;TXTDSC;DATSTA;DATEND;PERSTA;PEREND;,unlocd;SORDAT;SORIND;,G,Point;Area;
17065,"Wendebecken Binnengewaesser",trnbsn,SCAMIN;,HORCLR;OBJNAM;NOBJNM;INFORM;NINFOM;PICREP;TXTDSC;DATSTA;DATEND;PERSTA;PEREND;,unlocd;SORDAT;SORIND;,G,Point;Area;
17066,"Wasserweg Binnengewaesser",wtware,catccl;dirimp;SCAMIN;,OBJNAM;NOBJNM;INFORM;NINFOM;PICREP;TXTDSC;DATSTA;DATEND;PERSTA;PEREND;,unlocd;SORDAT;SORIND;,G,Area;
17067,"Wasserweg-Pegel Binnengewaesser",wtwgag,SCAMIN;,catgag;disipd;disipu;ELEVAT;higwat;hignam;lowwat;lownam;meawat;meanam;othwat;othnam;reflev;sdrlev;vcrlev;verdat;wtwdis;NOBJNM;INFORM;NINFOM;PICREP;TXTDSC;DATSTA;DATEND;PERSTA;PEREND;,unlocd;hunits;OBJNAM;SORDAT;SORIND;,G,Point;Area;
17068,"Zeitplan allgemein",tisdge,cattab;schref;shptyp;useshp;,aptref;dirimp;,SORDAT;SORIND;,O,N
17069,"Fahrzeug-Transport Faehre",vehtrf,catvtr;HEIGHT;SCAMIN;,verdat;OBJNAM;NOBJNM;INFORM;NINFOM;PICREP;TXTDSC;DATSTA;DATEND;PERSTA;PEREND;,unlocd;SORDAT;SORIND;,G,Point;Area;
17070,"Aussergewoehnliche Navigationsstruktur",excnst,catexs;DRVAL1;verdat;wtwdis;SCAMIN;,OBJNAM;NOBJNM;INFORM;NINFOM;PICREP;TXTDSC;DATSTA;DATEND;PERSTA;PEREND;,unlocd;hunits;SORDAT;SORIND;,G,Point;Area;
18001,"Maximal erlaubte Schiffsgroesse",lg_sdm,,lg_rel;lg_des;lc_csi;lc_cse;lc_asi;lc_ase;lc_cci;lc_cce;lg_bme;lg_lgs;lg_drt;lg_wdp;lg_wdu;DATSTA;DATEND;PERSTA;PEREND;lg_pbr;,SORDAT;SORIND;,G,Area;
18002,"Maximal erlaubte Schiffsgeschwindigkeit",lg_vsp,,lg_rel;lg_des;lc_csi;lc_cse;lc_asi;lc_ase;lc_cci;lc_cce;lc_wd1;lc_wd2;lg_wdu;lg_spd;lg_spr;lc_bm1;lc_bm2;lc_lg1;lc_lg2;lc_dr1;lc_dr2;DATSTA;DATEND;PERSTA;PEREND;lg_pbr;,SORDAT;SORIND;,G,Area;
22001,"Kommentar",ANNOTA,ANATR1;ANATR2;ANATR3;ANLYR1;ANATR5;ANATR4;ANATR9;ANATRA;ANTXT1;ANATR6;ANATR7;ANATR8;DATEND;DATSTA;NOBJNM;OBJNAM;PEREND;PERSTA;STATUS;,INFORM;NINFOM;NTXTDS;SCAMAX;SCAMIN;TXTDSC;,RECDAT;RECIND;SORDAT;SORIND;,G,Point;
22009,"Allg. Grenze",RESTRC,DATEND;DATSTA;NOBJNM;OBJNAM;PEREND;PERSTA;STATUS;,INFORM;NINFOM;NTXTDS;SCAMAX;SCAMIN;TXTDSC;,RECDAT;RECIND;SORDAT;SORIND;,G,Line;
22010,"Verkehrslinie",TRFLNE,DATEND;DATSTA;NOBJNM;OBJNAM;PEREND;PERSTA;STATUS;,INFORM;NINFOM;NTXTDS;SCAMAX;SCAMIN;TXTDSC;,RECDAT;RECIND;SORDAT;SORIND;,G,Line;
22011,"Allg. Nav. Hilfe",GENNAV,DATEND;DATSTA;NOBJNM;OBJNAM;PEREND;PERSTA;STATUS;,INFORM;NINFOM;NTXTDS;SCAMAX;SCAMIN;TXTDSC;,RECDAT;RECIND;SORDAT;SORIND;,G,Point;
